1789705587,api-gateway,200,73
1789705587,catalog-service,200,365
1789705587,search-service,200,126
1789705587,review-service,200,385
1789705587,recommendation-service,200,183
1789705587,user-service,200,108
1789705590,api-gateway,200,84
1789705590,catalog-service,200,72
1789705590,search-service,200,85
1789705590,review-service,200,63
1789705590,recommendation-service,200,69
1789705590,user-service,200,70
1789705593,api-gateway,200,65
1789705593,catalog-service,200,64
1789705593,search-service,200,65
1789705593,review-service,200,59
1789705593,recommendation-service,200,66
1789705593,user-service,200,71
1789705596,api-gateway,200,60
1789705596,catalog-service,200,60
1789705596,search-service,200,61
1789705596,review-service,200,70
1789705596,recommendation-service,200,79
1789705596,user-service,200,84
1789705599,api-gateway,200,104
1789705599,catalog-service,200,68
1789705599,search-service,000000,52
1789705599,review-service,200,75
1789705599,recommendation-service,200,101
1789705599,user-service,200,141
1789705601,api-gateway,200,112
1789705601,catalog-service,200,97
1789705601,search-service,000000,71
1789705601,review-service,200,73
1789705601,recommendation-service,200,67
1789705601,user-service,200,62
1789705604,api-gateway,200,223
1789705604,catalog-service,200,111
1789705604,search-service,000000,233
1789705604,review-service,200,123
1789705604,recommendation-service,200,107
1789705604,user-service,200,85
1789705608,api-gateway,200,58
1789705608,catalog-service,200,89
1789705608,search-service,000000,61
1789705608,review-service,200,66
1789705608,recommendation-service,200,98
1789705608,user-service,200,77
1789705610,api-gateway,200,63
1789705610,catalog-service,200,53
1789705610,search-service,000000,50
1789705610,review-service,200,82
1789705610,recommendation-service,200,72
1789705610,user-service,200,61
1789705613,api-gateway,200,56
1789705613,catalog-service,200,57
1789705613,search-service,000000,48
1789705613,review-service,200,57
1789705613,recommendation-service,200,68
1789705613,user-service,200,63
1789705616,api-gateway,200,55
1789705616,catalog-service,200,54
1789705616,search-service,000000,50
1789705616,review-service,200,56
1789705616,recommendation-service,200,80
1789705616,user-service,200,61
1789705618,api-gateway,200,55
1789705618,catalog-service,200,53
1789705618,search-service,000000,51
1789705618,review-service,200,68
1789705618,recommendation-service,200,57
1789705618,user-service,200,55
1789705621,api-gateway,200,87
1789705621,catalog-service,200,59
1789705621,search-service,000000,54
1789705621,review-service,200,71
1789705621,recommendation-service,200,63
1789705621,user-service,200,66
1789705624,api-gateway,200,54
1789705624,catalog-service,200,53
1789705624,search-service,000000,52
1789705624,review-service,200,58
1789705624,recommendation-service,200,58
1789705624,user-service,200,57
1789705626,api-gateway,200,59
1789705626,catalog-service,200,55
1789705626,search-service,000000,51
1789705626,review-service,200,56
1789705626,recommendation-service,200,58
1789705626,user-service,200,56
1789705629,api-gateway,200,362
1789705629,catalog-service,200,120
1789705629,search-service,000000,92
1789705629,review-service,200,75
1789705629,recommendation-service,200,70
1789705629,user-service,200,69
1789705632,api-gateway,200,71
1789705632,catalog-service,200,67
1789705632,search-service,000000,59
1789705632,review-service,200,63
1789705632,recommendation-service,200,66
1789705632,user-service,200,69
1789705635,api-gateway,200,57
1789705635,catalog-service,200,59
1789705635,search-service,000000,50
1789705635,review-service,200,59
1789705635,recommendation-service,200,58
1789705635,user-service,200,56
1789705637,api-gateway,200,56
1789705637,catalog-service,200,53
1789705637,search-service,000000,51
1789705637,review-service,200,60
1789705637,recommendation-service,200,57
1789705637,user-service,200,54
1789705640,api-gateway,200,55
1789705640,catalog-service,200,54
1789705640,search-service,000000,50
1789705640,review-service,200,60
1789705640,recommendation-service,200,62
1789705640,user-service,200,59
1789705642,api-gateway,200,108
1789705642,catalog-service,200,152
1789705642,search-service,000000,126
1789705642,review-service,200,127
1789705642,recommendation-service,200,101
1789705642,user-service,200,67
1789705645,api-gateway,200,58
1789705645,catalog-service,200,61
1789705645,search-service,000000,56
1789705645,review-service,200,62
1789705645,recommendation-service,200,60
1789705645,user-service,200,59
1789705648,api-gateway,200,58
1789705648,catalog-service,200,57
1789705648,search-service,000000,51
1789705648,review-service,200,59
1789705648,recommendation-service,200,60
1789705648,user-service,200,60
