1789705202,api-gateway,200,71
1789705202,catalog-service,200,94
1789705202,search-service,200,55
1789705202,review-service,200,265
1789705202,recommendation-service,200,98
1789705202,user-service,200,112
1789705205,api-gateway,200,149
1789705205,catalog-service,200,119
1789705205,search-service,200,98
1789705205,review-service,200,86
1789705205,recommendation-service,200,108
1789705205,user-service,200,99
1789705208,api-gateway,200,231
1789705208,catalog-service,200,109
1789705208,search-service,200,150
1789705208,review-service,200,83
1789705208,recommendation-service,200,226
1789705208,user-service,200,114
1789705212,api-gateway,200,68
1789705212,catalog-service,200,63
1789705212,search-service,200,63
1789705212,review-service,200,75
1789705212,recommendation-service,200,81
1789705212,user-service,200,64
1789705215,api-gateway,200,74
1789705215,catalog-service,200,189
1789705215,search-service,200,84
1789705215,review-service,200,76
1789705215,recommendation-service,200,130
1789705215,user-service,200,96
1789705218,api-gateway,200,69
1789705218,catalog-service,200,116
1789705218,search-service,200,106
1789705218,review-service,200,62
1789705218,recommendation-service,200,81
1789705218,user-service,200,85
1789705221,api-gateway,200,64
1789705221,catalog-service,200,63
1789705221,search-service,200,146
1789705221,review-service,200,55
1789705221,recommendation-service,200,59
1789705221,user-service,200,92
1789705224,api-gateway,200,79
1789705224,catalog-service,200,69
1789705224,search-service,200,128
1789705224,review-service,200,120
1789705224,recommendation-service,200,171
1789705224,user-service,200,83
1789705227,api-gateway,200,111
1789705227,catalog-service,200,100
1789705227,search-service,200,87
1789705227,review-service,200,123
1789705227,recommendation-service,200,135
1789705227,user-service,200,124
1789705230,api-gateway,200,100
1789705230,catalog-service,200,92
1789705230,search-service,200,85
1789705230,review-service,200,84
1789705230,recommendation-service,200,112
1789705230,user-service,200,71
1789705232,api-gateway,200,92
1789705232,catalog-service,200,88
1789705232,search-service,200,68
1789705232,review-service,200,91
1789705232,recommendation-service,200,152
1789705232,user-service,200,219
1789705235,api-gateway,200,100
1789705235,catalog-service,200,79
1789705235,search-service,200,69
1789705235,review-service,200,88
1789705235,recommendation-service,200,124
1789705235,user-service,200,71
1789705238,api-gateway,200,78
1789705238,catalog-service,200,75
1789705238,search-service,200,69
1789705238,review-service,200,86
1789705238,recommendation-service,200,73
1789705238,user-service,200,75
1789705241,api-gateway,200,99
1789705241,catalog-service,200,101
1789705241,search-service,200,60
1789705241,review-service,200,74
1789705241,recommendation-service,200,192
1789705241,user-service,200,71
1789705244,api-gateway,200,103
1789705244,catalog-service,200,314
1789705244,search-service,200,54
1789705244,review-service,200,87
1789705244,recommendation-service,200,74
1789705244,user-service,200,76
1789705247,api-gateway,200,115
1789705247,catalog-service,200,123
1789705247,search-service,200,104
1789705247,review-service,200,88
1789705247,recommendation-service,200,95
1789705247,user-service,200,181
1789705250,api-gateway,200,138
1789705250,catalog-service,200,96
1789705250,search-service,200,109
1789705250,review-service,200,120
1789705250,recommendation-service,200,195
1789705250,user-service,200,108
1789705253,api-gateway,200,106
1789705253,catalog-service,200,73
1789705253,search-service,200,58
1789705253,review-service,200,81
1789705253,recommendation-service,200,84
1789705253,user-service,200,88
1789705256,api-gateway,200,64
1789705256,catalog-service,200,66
1789705256,search-service,200,71
1789705256,review-service,200,89
1789705256,recommendation-service,200,95
1789705256,user-service,200,72
1789705259,api-gateway,200,256
1789705259,catalog-service,200,184
1789705259,search-service,200,85
1789705259,review-service,200,124
1789705259,recommendation-service,200,228
1789705259,user-service,200,235
1789705262,api-gateway,200,429
1789705262,catalog-service,200,247
1789705262,search-service,200,371
1789705262,review-service,200,279
1789705262,recommendation-service,200,436
1789705262,user-service,200,237
