1789705342,api-gateway,200,161
1789705342,catalog-service,200,75
1789705342,search-service,200,134
1789705342,review-service,200,138
1789705342,recommendation-service,200,145
1789705342,user-service,200,136
1789705346,api-gateway,200,222
1789705346,catalog-service,200,182
1789705346,search-service,200,224
1789705346,review-service,200,207
1789705346,recommendation-service,200,158
1789705346,user-service,200,279
1789705350,api-gateway,200,191
1789705350,catalog-service,200,94
1789705350,search-service,200,78
1789705350,review-service,200,83
1789705350,recommendation-service,200,84
1789705350,user-service,200,64
1789705353,api-gateway,200,129
1789705353,catalog-service,200,94
1789705353,search-service,000000,70
1789705353,review-service,200,209
1789705353,recommendation-service,200,114
1789705353,user-service,200,248
1789705356,api-gateway,200,140
1789705356,catalog-service,200,91
1789705356,search-service,000000,89
1789705356,review-service,200,97
1789705356,recommendation-service,200,86
1789705356,user-service,200,67
1789705359,api-gateway,200,61
1789705359,catalog-service,200,54
1789705359,search-service,000000,51
1789705359,review-service,200,96
1789705359,recommendation-service,200,64
1789705359,user-service,200,62
1789705362,api-gateway,200,63
1789705362,catalog-service,200,58
1789705362,search-service,000000,51
1789705362,review-service,200,65
1789705362,recommendation-service,200,64
1789705362,user-service,200,66
1789705364,api-gateway,200,71
1789705364,catalog-service,200,67
1789705364,search-service,000000,52
1789705364,review-service,200,458
1789705364,recommendation-service,200,67
1789705364,user-service,200,65
1789705367,api-gateway,200,63
1789705367,catalog-service,200,69
1789705367,search-service,000000,57
1789705367,review-service,200,101
1789705367,recommendation-service,200,74
1789705367,user-service,200,67
1789705370,api-gateway,200,78
1789705370,catalog-service,200,60
1789705370,search-service,000000,53
1789705370,review-service,200,65
1789705370,recommendation-service,200,94
1789705370,user-service,200,87
1789705373,api-gateway,200,65
1789705373,catalog-service,200,58
1789705373,search-service,000000,53
1789705373,review-service,200,75
1789705373,recommendation-service,200,72
1789705373,user-service,200,58
1789705375,api-gateway,200,94
1789705375,catalog-service,200,79
1789705375,search-service,000000,54
1789705375,review-service,200,84
1789705375,recommendation-service,200,111
1789705375,user-service,200,60
1789705378,api-gateway,200,60
1789705378,catalog-service,200,65
1789705378,search-service,000000,51
1789705378,review-service,200,73
1789705378,recommendation-service,200,68
1789705378,user-service,200,60
1789705381,api-gateway,200,57
1789705381,catalog-service,200,72
1789705381,search-service,000000,49
1789705381,review-service,200,81
1789705381,recommendation-service,200,63
1789705381,user-service,200,63
1789705383,api-gateway,200,57
1789705383,catalog-service,200,59
1789705383,search-service,000000,55
1789705383,review-service,200,69
1789705383,recommendation-service,200,159
1789705383,user-service,200,86
1789705386,api-gateway,200,104
1789705386,catalog-service,200,92
1789705386,search-service,000000,59
1789705386,review-service,200,73
1789705386,recommendation-service,200,76
1789705386,user-service,200,175
1789705389,api-gateway,200,67
1789705389,catalog-service,200,57
1789705389,search-service,000000,51
1789705389,review-service,200,61
1789705389,recommendation-service,200,69
1789705389,user-service,200,62
1789705392,api-gateway,200,88
1789705392,catalog-service,200,56
1789705392,search-service,000000,55
1789705392,review-service,200,93
1789705392,recommendation-service,200,63
1789705392,user-service,200,68
1789705394,api-gateway,200,108
1789705394,catalog-service,200,84
1789705394,search-service,000000,108
1789705394,review-service,200,102
1789705394,recommendation-service,200,143
1789705394,user-service,200,88
1789705398,api-gateway,200,69
1789705398,catalog-service,200,130
1789705398,search-service,000000,97
1789705398,review-service,200,92
1789705398,recommendation-service,200,119
1789705398,user-service,200,66
1789705400,api-gateway,200,59
1789705400,catalog-service,200,64
1789705400,search-service,000000,55
1789705400,review-service,200,60
1789705400,recommendation-service,200,65
1789705400,user-service,200,57
1789705403,api-gateway,200,100
1789705403,catalog-service,200,83
1789705403,search-service,000000,92
1789705403,review-service,200,66
1789705403,recommendation-service,200,67
1789705403,user-service,200,68
1789705406,api-gateway,200,73
1789705406,catalog-service,200,53
1789705406,search-service,000000,55
1789705406,review-service,200,73
1789705406,recommendation-service,200,71
1789705406,user-service,200,72
